
# Redirections 301 permanentes pour les anciennes URLs de villes
# Format: ancien_chemin nouveau_chemin code_statut

# Villes principales
/casablanca /ambulance-casablanca 301!
/rabat /ambulance-rabat 301!
/marrakech /ambulance-marrakech 301!
/fes /ambulance-fes 301!
/tanger /ambulance-tanger 301!
/agadir /ambulance-agadir 301!
/oujda /ambulance-oujda 301!
/kenitra /ambulance-kenitra 301!
/tetouan /ambulance-tetouan 301!
/safi /ambulance-safi 301!

# Autres villes
/meknes /ambulance-meknes 301!
/el-jadida /ambulance-el-jadida 301!
/nador /ambulance-nador 301!
/khouribga /ambulance-khouribga 301!
/beni-mellal /ambulance-beni-mellal 301!
/mohammedia /ambulance-mohammedia 301!
/larache /ambulance-larache 301!
/ksar-el-kebir /ambulance-ksar-el-kebir 301!
/berrechid /ambulance-berrechid 301!
/settat /ambulance-settat 301!
/taza /ambulance-taza 301!
/essaouira /ambulance-essaouira 301!
/ouarzazate /ambulance-ouarzazate 301!
/al-hoceima /ambulance-al-hoceima 301!
/tiznit /ambulance-tiznit 301!

# Fallback pour toute autre route qui ne match pas les routes spécifiques

# Consolidation du blog sur /blog et /blog/:slug
/blog/ambulance-:city /blog 301!
/blog/villes/:city /blog 301!
/blog/:city/:slug /blog/:slug 301!

# Quartiers de Casablanca (alias vers contenu Casablanca)
/ambulance-casablanca-ain-diab /ambulance-casablanca 301!
/ambulance-casablanca-californie /ambulance-casablanca 301!
/ambulance-casablanca-maarif /ambulance-casablanca 301!
/ambulance-casablanca-bourgogne /ambulance-casablanca 301!
/ambulance-casablanca-sidi-belyout /ambulance-casablanca 301!
/ambulance-casablanca-ain-sebaa /ambulance-casablanca 301!
/ambulance-casablanca-oasis /ambulance-casablanca 301!
/ambulance-casablanca-sidi-maarouf /ambulance-casablanca 301!
/ambulance-casablanca-sidi-bernoussi /ambulance-casablanca 301!
/ambulance-casablanca-gauthier /ambulance-casablanca 301!
/ambulance-casablanca-bouskoura /ambulance-casablanca 301!


# SPA fallback
/* /index.html 200
